Time (%),Total Time (ns),Instances,Avg (ns),Med (ns),Min (ns),Max (ns),StdDev (ns),Name
83.9,2762929184,106,26065369.7,26064917.5,26056535,26074872,3998.0,kernel_cutlass_kernel_profile_targetrunlocalsKernel_object_at__tensorptrf16_gmem_align16_o_8192819281921_tensorptrf16_gmem_align16_o_8192819281921_tensorptrf16_gmem_align16_o_819281928192_0
11.0,363765648,212,1715875.7,1713703.0,133280,3315439,1586140.8,kernel_cutlass_kernel_profile_targetrunlocalsKernel_object_at__tensorptrf16_gmem_align16_o_1024102410241_tensorptrf16_gmem_align16_o_1024102410241_tensorptrf16_gmem_align16_o_102410241024_0
2.4,77739397,106,733390.5,661411.0,610691,858340,91169.7,nvjet_sm103_hsh_128x256_64x6_2x1_2cta_v_bz_NNT
1.6,51827621,106,488939.8,488802.0,488003,494690,735.7,kernel_cutlass_kernel_profile_targetrunlocalsKernel_object_at__tensorptrf16_gmem_align16_o_2048204820481_tensorptrf16_gmem_align16_o_2048204820481_tensorptrf16_gmem_align16_o_204820482048_0
0.3,10800336,212,50945.0,48560.0,13152,88800,36031.0,nvjet_sm103_hsh_128x256_64x6_2x2_2cta_h_bz_NNT
0.3,10769134,106,101595.6,101600.0,101440,104448,297.3,kernel_cutlass_kernel_profile_targetrunlocalsKernel_object_at__tensorptrf16_gmem_align16_o_7687687681_tensorptrf16_gmem_align16_o_7687687681_tensorptrf16_gmem_align16_o_7687687681_CopyAto_0
0.2,7398626,106,69798.4,69808.5,69664,71553,195.3,kernel_cutlass_kernel_profile_targetrunlocalsKernel_object_at__tensorptrf16_gmem_align16_o_5125125121_tensorptrf16_gmem_align16_o_5125125121_tensorptrf16_gmem_align16_o_5125125121_CopyAto_0
0.1,4054450,106,38249.5,38368.0,38048,38880,180.4,kernel_cutlass_kernel_profile_targetrunlocalsKernel_object_at__tensorptrf16_gmem_align16_o_2562562561_tensorptrf16_gmem_align16_o_2562562561_tensorptrf16_gmem_align16_o_2562562561_CopyAto_0
0.0,491107,106,4633.1,4656.0,4352,4864,126.2,nvjet_sm103_hsh_128x64_64x10_2x2_2cta_h_bz_NNT
0.0,381412,106,3598.2,3584.0,3360,3808,151.4,nvjet_sm103_hsh_64x64_64x16_2x1_2cta_v_bz_NNT
0.0,378561,14,27040.1,5200.0,2368,126401,43293.0,"void at::native::<unnamed>::distribution_elementwise_grid_stride_kernel<float, (int)4, void at::native::templates::cuda::normal_and_transform<c10::Half, float, at::CUDAGeneratorImpl *, void at::native::templates::cuda::normal_kernel<at::CUDAGeneratorImpl *>(const at::TensorBase &, double, double, T1)::[lambda() (instance 1)]::operator ()() const::[lambda() (instance 3)]::operator ()() const::[lambda(float) (instance 1)]>(at::TensorIteratorBase &, T3, T4)::[lambda(curandStatePhilox4_32_10 *) (instance 2)], void at::native::<unnamed>::distribution_nullary_kernel<c10::Half, float, float4, at::CUDAGeneratorImpl *, void at::native::templates::cuda::normal_and_transform<c10::Half, float, at::CUDAGeneratorImpl *, void at::native::templates::cuda::normal_kernel<at::CUDAGeneratorImpl *>(const at::TensorBase &, double, double, T1)::[lambda() (instance 1)]::operator ()() const::[lambda() (instance 3)]::operator ()() const::[lambda(float) (instance 1)]>(at::TensorIteratorBase &, T3, T4)::[lambda(curandStatePhilox4_32_10 *) (instance 2)], void at::native::templates::cuda::normal_kernel<at::CUDAGeneratorImpl *>(const at::TensorBase &, double, double, T1)::[lambda() (instance 1)]::operator ()() const::[lambda() (instance 3)]::operator ()() const::[lambda(float) (instance 1)]>(at::TensorIteratorBase &, T4, const T5 &, T6)::[lambda(int, float) (instance 1)]>(long, at::PhiloxCudaState, T3, T4)"
0.0,322562,106,3043.0,3040.0,2912,3200,73.7,nvjet_sm103_hsh_64x32_64x16_2x2_2cta_h_bz_NNT
0.0,270528,106,2552.2,2528.0,2464,2784,50.5,nvjet_sm103_hsh_64x8_64x16_1x4_h_bz_NNT
0.0,248513,28,8875.5,1952.0,1440,41856,13765.2,"void at::native::vectorized_elementwise_kernel<(int)8, at::native::AbsFunctor<c10::Half>, std::array<char *, (unsigned long)2>>(int, T2, T3)"
0.0,227008,7,32429.7,4128.0,3200,168416,60949.1,"void at::native::unrolled_elementwise_kernel<at::native::direct_copy_kernel_cuda(at::TensorIteratorBase &)::[lambda() (instance 3)]::operator ()() const::[lambda() (instance 7)]::operator ()() const::[lambda(float) (instance 1)], std::array<char *, (unsigned long)2>, (int)4, TrivialOffsetCalculator<(int)1, unsigned int>, TrivialOffsetCalculator<(int)1, unsigned int>, at::native::memory::LoadWithCast<(int)1>, at::native::memory::StoreWithCast<(int)1>>(int, T1, T2, T4, T5, T6, T7)"
0.0,179651,14,12832.2,2544.0,1504,62368,21168.2,"void at::native::vectorized_elementwise_kernel<(int)8, at::native::CUDAFunctor_add<c10::Half>, std::array<char *, (unsigned long)3>>(int, T2, T3)"
0.0,130048,14,9289.1,1984.0,1472,45632,14206.3,"void at::native::vectorized_elementwise_kernel<(int)4, at::native::BinaryFunctor<c10::Half, c10::Half, bool, at::native::<unnamed>::CompareEqFunctor<c10::Half>>, std::array<char *, (unsigned long)3>>(int, T2, T3)"
0.0,111329,7,15904.1,7296.0,6176,62113,20552.0,"void at::native::reduce_kernel<(int)512, (int)1, at::native::ReduceOp<float, at::native::MeanOps<float, float, float, float>, unsigned int, float, (int)4, (int)4>>(T3)"
0.0,95008,7,13572.6,8448.0,6368,43328,13336.3,"void at::native::reduce_kernel<(int)512, (int)1, at::native::ReduceOp<c10::Half, at::native::func_wrapper_t<c10::Half, at::native::MaxNanFunctor<c10::Half>>, unsigned int, c10::Half, (int)4, (int)4>>(T3)"
0.0,78049,7,11149.9,7841.0,5440,31296,9170.5,"void at::native::reduce_kernel<(int)512, (int)1, at::native::ReduceOp<bool, at::native::func_wrapper_t<bool, at::native::and_kernel_cuda(at::TensorIterator &)::[lambda() (instance 1)]::operator ()() const::[lambda() (instance 12)]::operator ()() const::[lambda(bool, bool) (instance 1)]>, unsigned int, bool, (int)4, (int)4>>(T3)"
0.0,77441,7,11063.0,2080.0,1504,51969,18658.1,"void at::native::vectorized_elementwise_kernel<(int)4, at::native::<unnamed>::CompareFunctor<c10::Half>, std::array<char *, (unsigned long)3>>(int, T2, T3)"
0.0,63648,7,9092.6,2016.0,1472,42720,15153.9,"void at::native::vectorized_elementwise_kernel<(int)8, at::native::CUDAFunctorOnSelf_add<c10::Half>, std::array<char *, (unsigned long)2>>(int, T2, T3)"
0.0,63072,7,9010.3,1952.0,1472,42208,14988.5,"void at::native::vectorized_elementwise_kernel<(int)4, at::native::BinaryFunctor<bool, bool, bool, at::native::binary_internal::MulFunctor<bool>>, std::array<char *, (unsigned long)3>>(int, T2, T3)"
0.0,62080,7,8868.6,1952.0,1472,40800,14460.7,"void at::native::vectorized_elementwise_kernel<(int)4, at::native::BinaryFunctor<bool, bool, bool, at::native::BitwiseAndFunctor<bool>>, std::array<char *, (unsigned long)3>>(int, T2, T3)"
0.0,60481,7,8640.1,2016.0,1408,39521,13988.3,"void at::native::vectorized_elementwise_kernel<(int)8, at::native::AUnaryFunctor<c10::Half, c10::Half, c10::Half, at::native::binary_internal::MulFunctor<float>>, std::array<char *, (unsigned long)2>>(int, T2, T3)"
0.0,60032,7,8576.0,1952.0,1440,38976,13775.0,"void at::native::vectorized_elementwise_kernel<(int)4, at::native::BinaryFunctor<bool, bool, bool, at::native::BitwiseOrFunctor<bool>>, std::array<char *, (unsigned long)3>>(int, T2, T3)"
0.0,59488,7,8498.3,1984.0,1728,38240,13465.4,"void at::native::vectorized_elementwise_kernel<(int)4, at::native::AUnaryFunctor<c10::Half, c10::Half, bool, at::native::<unnamed>::CompareEqFunctor<c10::Half>>, std::array<char *, (unsigned long)2>>(int, T2, T3)"

